,first_name,second_name,goals_scored,assists,total_points,minutes,goals_conceded,creativity,influence,threat,bonus,bps,ict_index,clean_sheets,red_cards,yellow_cards,selected_by_percent,now_cost,position
0,Shkodran,Mustafi,0,2,43,1205,17,45.5,277.2,155.0,2,242,47.9,4,0,2,0.4,51,Defender
1,HÃ©ctor,BellerÃ­n,1,0,44,1156,18,76.9,187.8,103.0,4,204,37.0,4,0,2,1.0,52,Defender
2,Sead,Kolasinac,0,2,55,1694,26,182.5,269.6,81.0,1,331,53.0,4,0,4,0.5,52,Defender
3,Ainsley,Maitland-Niles,0,2,41,1382,22,182.0,301.8,58.0,3,244,53.6,3,1,4,2.2,45,Defender
4,Sokratis,Papastathopoulos,2,0,57,1696,25,36.8,436.2,110.0,5,305,58.5,4,0,6,1.3,48,Defender
5,Nacho,Monreal,0,0,10,270,4,40.8,47.2,12.0,1,54,10.0,1,0,0,0.2,50,Defender
6,Laurent,Koscielny,0,0,0,0,0,0.0,0.0,0.0,0,0,0.0,0,0,0,0.1,50,Defender
7,Konstantinos,Mavropanos,0,0,0,0,0,0.0,0.0,0.0,0,0,0.0,0,0,0,0.0,43,Defender
8,Carl,Jenkinson,0,0,0,0,0,0.0,0.0,0.0,0,0,0.0,0,0,0,0.0,45,Defender
9,Rob,Holding,0,0,16,580,9,4.8,133.6,19.0,2,96,15.8,1,0,1,0.2,44,Defender
10,Pierre-Emerick,Aubameyang,22,5,205,3136,44,479.6,1006.0,1369.0,37,807,285.2,10,1,3,22.4,109,Forward
11,Alexandre,Lacazette,10,7,118,1867,25,337.7,536.4,861.0,16,387,173.8,5,0,8,2.4,92,Forward
12,Edward,Nketiah,2,0,25,628,9,67.0,90.4,210.0,1,66,36.4,3,1,0,1.6,43,Forward
13,Bernd,Leno,0,0,114,2649,39,0.0,843.2,0.0,10,591,84.1,7,0,2,4.2,48,Goalkeeper
14,Mesut,Ãzil,1,3,53,1439,20,582.9,223.6,190.0,1,256,99.8,5,0,1,1.1,69,Midfielder
15,Henrikh,Mkhitaryan,0,0,4,110,0,33.9,5.4,46.0,0,3,8.6,1,0,1,0.7,67,Midfielder
16,Granit,Xhaka,1,2,73,2586,31,298.5,486.2,110.0,2,408,89.9,10,0,10,0.8,51,Midfielder
17,Lucas,Torreira,1,1,46,1501,23,207.1,281.8,207.0,0,247,69.7,3,0,7,1.0,47,Midfielder
18,Mohamed,Elneny,0,0,0,0,0,0.0,0.0,0.0,0,0,0.0,0,0,0,0.5,42,Midfielder
19,Matteo,Guendouzi,0,2,48,1744,31,235.1,333.6,146.0,2,272,71.6,3,0,6,7.1,41,Midfielder
20,David,Luiz Moreira Marinho,2,1,94,2809,42,106.7,701.6,211.0,10,494,102.1,8,2,5,5.1,57,Defender
21,Emiliano,MartÃ­nez,0,0,33,770,9,0.0,256.8,0.0,1,169,25.8,3,0,2,3.8,44,Goalkeeper
22,Calum,Chambers,1,1,42,1102,15,113.5,272.0,203.0,5,197,58.7,3,0,5,0.6,43,Defender
23,Daniel,Ceballos FernÃ¡ndez,0,2,57,1687,21,439.9,346.4,130.0,3,310,91.7,7,0,1,3.0,52,Midfielder
24,CÃ©dric,Soares,1,1,61,1553,20,218.9,349.0,118.0,3,286,68.7,4,0,1,0.4,48,Defender
25,Nicolas,PÃ©pÃ©,5,6,106,2004,30,639.4,500.2,624.0,9,353,176.5,5,0,4,3.0,89,Midfielder
26,Reiss,Nelson,1,1,30,622,7,148.3,110.4,185.0,0,105,44.4,2,0,1,0.1,53,Midfielder
27,Joseph,Willock,1,1,41,838,16,165.9,176.8,212.0,0,150,55.2,1,0,2,0.2,47,Midfielder
28,Gabriel Teodoro,Martinelli Silva,3,1,39,656,9,36.6,162.8,226.0,5,129,42.5,2,0,1,1.8,42,Forward
29,Kieran,Tierney,1,2,42,986,16,121.1,201.8,73.0,4,213,39.8,2,0,2,1.1,53,Defender
30,Bukayo,Saka,1,6,71,1746,18,322.5,327.2,248.0,4,259,89.8,7,0,6,5.7,47,Midfielder
31,Emile,Smith Rowe,0,0,4,96,0,6.3,9.8,0.0,0,13,1.6,1,0,0,0.0,43,Midfielder
32,Tyreece,John-Jules,0,0,0,0,0,0.0,0.0,0.0,0,0,0.0,0,0,0,0.0,44,Forward
33,Pablo,MarÃ­,0,0,8,113,0,1.7,27.8,0.0,1,31,3.0,1,0,0,0.0,44,Defender
34,Zech,Medley,0,0,0,0,0,0.0,0.0,0.0,0,0,0.0,0,0,0,0.0,40,Defender
35,Matt,Macey,0,0,0,0,0,0.0,0.0,0.0,0,0,0.0,0,0,0,0.0,40,Goalkeeper
36,Matthew,Smith,0,0,0,0,0,0.0,0.0,0.0,0,0,0.0,0,0,0,0.0,40,Defender
37,Ahmed,El Mohamady,1,1,39,1024,28,324.1,254.6,67.0,7,224,64.6,2,0,1,1.0,41,Defender
38,James,Chester,0,0,0,0,0,0.0,0.0,0.0,0,0,0.0,0,0,0,0.0,42,Defender
39,Neil,Taylor,0,0,22,1088,25,79.7,157.6,29.0,0,163,26.7,2,0,2,0.2,42,Defender
40,Kortney,Hause,1,0,34,1544,34,33.0,352.8,248.0,0,204,63.4,2,0,3,0.1,44,Defender
41,Jonathan,Kodjia,0,0,5,111,6,12.2,3.4,24.0,0,14,3.8,0,0,1,0.1,54,Forward
42,Ãrjan,Nyland,0,0,15,537,12,0.0,101.2,0.0,0,90,10.2,1,0,0,0.4,43,Goalkeeper
43,Conor,Hourihane,3,5,83,1526,29,551.8,384.8,317.0,9,328,125.3,6,0,4,0.2,57,Midfielder
44,Jack,Grealish,8,7,149,3233,63,1209.2,826.6,837.0,19,601,287.0,7,0,8,14.4,59,Midfielder
45,Anwar,El Ghazi,4,5,93,2046,48,482.2,383.2,655.0,0,281,152.0,5,0,3,0.7,52,Midfielder
46,John,McGinn,3,3,84,2312,41,503.3,458.6,499.0,4,321,145.9,6,0,3,2.6,52,Midfielder
47,Andre,Green,0,0,0,0,0,0.0,0.0,0.0,0,0,0.0,0,0,0,0.0,48,Midfielder
48,Birkir,Bjarnason,0,0,0,0,0,0.0,0.0,0.0,0,0,0.0,0,0,0,0.0,45,Midfielder
49,Keinan,Davis,0,1,25,534,7,71.7,27.8,212.0,0,43,29.9,1,0,0,0.3,42,Midfielder
50,Henri,Lansbury,0,0,12,190,6,27.2,13.4,13.0,0,37,5.5,0,0,0,0.3,44,Midfielder
51,JosÃ© Ignacio,Peleteiro Romallo,0,1,17,329,5,56.9,47.0,73.0,0,48,17.3,2,0,0,0.2,57,Midfielder
52,Tom,Heaton,0,0,59,1794,35,0.3,507.4,0.0,3,346,50.7,4,0,0,2.1,43,Goalkeeper
53,Daniel,Drinkwater,0,0,6,317,11,21.2,18.6,8.0,0,32,4.7,0,0,1,0.5,44,Midfielder
54,Matt,Targett,1,3,80,2291,40,432.9,503.8,130.0,10,433,106.9,5,0,4,1.1,43,Defender
55,Wesley,Moraes,5,1,67,1782,31,169.8,296.2,632.0,7,180,108.3,6,0,3,0.8,54,Forward
56,Jed,Steer,0,0,1,7,0,0.0,0.0,0.0,0,3,0.0,0,0,0,0.1,43,Goalkeeper
57,Tyrone,Mings,2,2,90,2902,53,87.3,758.0,119.0,9,537,96.6,6,0,7,3.3,44,Defender
58,Ezri,Konsa Ngoyo,1,2,65,2038,39,151.8,400.6,173.0,4,335,72.8,5,0,3,0.2,43,Defender
59,Bjorn,Engels,1,0,42,1446,32,31.9,329.6,81.0,4,252,44.5,3,0,1,0.4,43,Defender
60,FrÃ©dÃ©ric,Guilbert,0,2,62,2038,36,241.5,451.2,77.0,4,342,77.2,6,0,7,0.4,43,Defender
61,Mahmoud Ahmed,Ibrahim Hassan,6,2,98,1936,29,303.7,422.4,741.0,7,270,145.7,6,1,2,1.8,52,Midfielder
62,Douglas Luiz,Soares de Paulo,3,2,90,2604,51,293.2,508.6,377.0,5,411,118.0,8,0,8,3.7,43,Midfielder
63,Lovre,Kalinic,0,0,0,0,0,0.0,0.0,0.0,0,0,0.0,0,0,0,0.1,42,Goalkeeper
64,Marvelous,Nakamba,0,0,43,1826,37,162.9,292.2,24.0,0,273,47.9,1,0,5,0.6,44,Midfielder
65,Indiana,Vassilev,0,0,4,47,1,1.6,1.2,7.0,0,8,0.9,0,0,0,0.0,45,Midfielder
66,JosÃ©,Reina,0,0,41,1080,20,10.0,289.4,0.0,4,203,30.0,2,0,1,1.1,42,Goalkeeper
67,Mbwana,Samatta,1,0,29,940,18,131.5,67.6,245.0,2,74,44.2,4,0,1,0.2,51,Forward
68,Borja,GonzÃ¡lez TomÃ¡s,0,0,2,16,2,1.7,0.2,2.0,0,5,0.4,0,0,0,0.0,53,Forward
69,Kaine,Hayden,0,0,0,0,0,0.0,0.0,0.0,0,0,0.0,0,0,0,0.0,45,Midfielder
70,Steve,Cook,1,0,52,2427,48,51.5,557.2,159.0,5,362,77.2,3,1,6,0.2,50,Defender
71,Nathan,AkÃ©,2,2,79,2503,46,92.7,691.2,326.0,6,499,111.0,4,0,2,6.0,48,Defender
72,Charlie,Daniels,0,0,3,126,2,29.6,22.4,0.0,0,18,5.2,0,0,0,0.1,42,Defender
73,Chris,Mepham,1,0,27,911,19,20.8,276.8,138.0,2,165,43.7,1,0,1,0.6,43,Defender
74,Simon,Francis,0,0,16,964,21,64.4,263.8,72.0,1,161,40.2,1,1,3,0.0,43,Defender
75,Adam,Smith,0,1,49,2055,40,183.0,309.6,97.0,3,309,58.8,4,0,7,0.4,43,Defender
76,Lloyd,Kelly,0,0,11,638,15,28.4,73.4,20.0,0,85,12.2,1,0,2,0.1,44,Defender
77,Diego,Rico,0,5,84,2333,38,558.9,596.6,96.0,10,463,125.5,6,0,6,7.3,42,Defender
78,Jack,Simpson,0,0,4,238,6,12.7,33.6,18.0,0,33,6.4,0,0,0,7.8,39,Defender
79,Callum,Wilson,8,6,116,2906,53,391.1,397.4,848.0,8,321,162.6,4,0,9,4.2,74,Forward
80,Joshua,King,6,5,99,2010,37,412.7,435.8,506.0,11,313,135.1,4,0,0,3.3,61,Forward
81,Dominic,Solanke,3,2,69,1637,39,202.5,223.2,569.0,3,177,99.4,1,0,1,0.4,51,Forward
82,Sam,Surridge,0,0,4,25,2,10.6,3.4,24.0,0,3,3.4,0,0,0,0.6,43,Forward
83,Asmir,Begovic,0,0,0,0,0,0.0,0.0,0.0,0,0,0.0,0,0,0,0.7,42,Goalkeeper
84,Artur,Boruc,0,0,0,0,0,0.0,0.0,0.0,0,0,0.0,0,0,0,0.2,42,Goalkeeper
85,Mark,Travers,0,0,1,90,3,0.0,15.2,0.0,0,9,1.5,0,0,0,0.1,42,Goalkeeper
86,Ryan,Fraser,1,5,73,2061,34,627.1,355.6,440.0,2,305,141.9,4,0,2,2.4,68,Midfielder
87,David,Brooks,1,0,21,505,12,100.8,82.2,71.0,1,73,25.4,1,0,1,0.1,61,Midfielder
88,Junior,Stanislas,3,1,42,706,17,185.4,179.0,241.0,2,155,60.7,1,0,1,0.1,58,Midfielder
89,Jordon,Ibe,0,0,2,48,1,5.4,6.8,0.0,0,10,1.2,0,0,0,0.1,46,Midfielder
90,Lewis,Cook,0,1,40,1340,30,183.1,187.8,68.0,0,183,43.8,2,0,5,0.0,50,Midfielder
91,Andrew,Surman,0,0,6,234,6,25.5,23.6,8.0,0,28,5.6,0,0,1,0.0,47,Midfielder
92,Dan,Gosling,3,1,54,1254,23,151.9,316.4,259.0,1,186,72.6,2,0,3,0.1,48,Midfielder
93,Jefferson,Lerma,1,2,65,2702,49,189.4,439.0,169.0,2,376,79.4,4,1,11,0.1,48,Midfielder
94,Jack,Stacey,0,2,39,1547,27,147.2,308.8,86.0,4,241,54.3,1,0,2,0.1,43,Defender
95,Philip,Billing,1,1,68,2526,41,239.8,545.4,342.0,5,347,112.9,5,0,8,0.2,49,Midfielder
96,Arnaut,Danjuma Groeneveld,0,1,24,625,12,82.6,60.6,139.0,0,60,27.9,2,0,0,0.0,58,Midfielder
97,Aaron,Ramsdale,0,1,126,3330,62,24.0,973.8,0.0,13,680,99.7,5,0,0,3.2,44,Goalkeeper
98,Harry,Wilson,7,1,91,1637,32,242.1,377.4,667.0,7,295,128.5,2,0,2,1.5,57,Midfielder
99,Christian,Saydee,0,0,0,0,0,0.0,0.0,0.0,0,0,0.0,0,0,0,0.0,45,Midfielder
100,Gavin,Kilkenny,0,0,0,0,0,0.0,0.0,0.0,0,0,0.0,0,0,0,0.0,45,Midfielder
101,Mihai-Alexandru,Dobre,0,0,0,0,0,0.0,0.0,0.0,0,0,0.0,0,0,0,0.0,44,Midfielder
102,Shane,Duffy,1,0,44,1232,18,29.8,288.0,100.0,1,227,41.8,3,0,2,0.8,48,Defender
103,MartÃ­n,Montoya,0,1,62,1892,32,338.0,337.4,177.0,3,313,85.5,6,0,5,0.5,43,Defender
104,Bernardo,Fernandes da Silva Junior,0,0,21,675,17,72.6,154.0,92.0,3,121,31.9,1,0,1,0.1,43,Defender
105,Leon,Balogun,0,0,0,0,0,0.0,0.0,0.0,0,0,0.0,0,0,0,0.0,43,Defender
106,GaÃ«tan,Bong,0,0,3,57,3,27.9,16.0,6.0,0,15,5.0,0,0,0,0.1,42,Defender
107,Lewis,Dunk,3,3,128,3230,50,171.8,825.6,469.0,17,674,146.8,9,0,9,12.5,48,Defender
108,Matthew,Clarke,0,0,0,0,0,0.0,0.0,0.0,0,0,0.0,0,0,0,0.0,43,Defender
109,Glenn,Murray,1,1,36,785,10,57.1,74.0,249.0,0,74,37.7,2,0,0,0.7,54,Forward
110,JÃ¼rgen,Locadia,0,0,3,85,1,1.3,3.2,30.0,0,5,3.3,1,0,0,0.1,52,Forward
111,Florin,Andone,1,0,5,71,2,11.3,45.0,21.0,1,20,7.6,0,1,0,0.3,47,Forward
112,Mathew,Ryan,0,0,135,3420,54,0.0,1000.0,0.0,14,754,100.1,9,0,0,11.5,47,Goalkeeper
113,David,Button,0,0,0,0,0,0.0,0.0,0.0,0,0,0.0,0,0,0,18.2,39,Goalkeeper
114,Pascal,GroÃ,2,5,76,1791,32,908.5,388.2,323.0,7,326,161.6,3,0,4,0.4,62,Midfielder
115,Alireza,Jahanbakhsh,2,1,28,305,4,62.5,90.6,106.0,2,90,25.9,1,0,0,0.1,58,Midfielder
116,JosÃ© Heriberto,Izquierdo Mena,0,0,0,0,0,0.0,0.0,0.0,0,0,0.0,0,0,0,0.0,54,Midfielder
117,Anthony,Knockaert,0,0,0,0,0,0.0,0.0,0.0,0,0,0.0,0,0,0,0.0,53,Midfielder
118,Yves,Bissouma,1,0,39,1253,18,110.6,238.8,101.0,0,207,45.1,4,0,4,0.0,50,Midfielder
119,Davy,PrÃ¶pper,1,2,78,2826,46,434.1,522.2,271.0,2,441,122.5,6,0,4,0.3,48,Midfielder
120,Solomon,March,0,1,38,1139,15,239.6,189.4,274.0,3,129,70.4,4,0,2,0.2,46,Midfielder
121,Beram,Kayal,0,0,0,0,0,0.0,0.0,0.0,0,0,0.0,0,0,0,0.1,42,Midfielder
122,Dale,Stephens,0,1,63,2525,42,292.8,438.6,90.0,1,406,82.2,6,0,8,1.5,44,Midfielder
123,Leandro,Trossard,5,5,104,2004,34,585.4,411.4,540.0,9,352,153.2,4,0,0,0.5,58,Midfielder
124,Dan,Burn,0,0,86,2879,42,311.9,602.8,128.0,3,480,104.2,9,0,5,0.3,45,Defender
125,Adam,Webster,3,1,88,2668,44,153.2,696.6,221.0,7,514,107.3,5,0,4,0.5,44,Defender
126,Neal,Maupay,10,3,131,2763,36,369.2,518.6,1519.0,21,361,240.5,8,0,3,1.8,57,Forward
127,Aaron,Mooy,2,2,80,2079,33,614.9,436.6,291.0,9,337,134.0,6,1,1,0.4,47,Midfielder
128,Aaron,Connolly,3,3,61,1250,22,91.4,150.6,530.0,5,146,76.0,5,0,0,2.7,42,Forward
129,Tudor,Baluta,0,0,0,0,0,0.0,0.0,0.0,0,0,0.0,0,0,0,0.2,40,Defender
130,Steven,Alzate,0,0,33,1181,18,214.1,202.0,205.0,0,183,62.3,3,0,1,0.1,44,Midfielder
131,Ezequiel,Schelotto,0,0,9,357,7,12.7,38.4,65.0,0,40,11.4,0,0,2,0.6,39,Defender
132,Tariq,Lamptey,0,1,26,619,8,82.1,91.8,27.0,0,136,20.2,3,0,2,1.5,41,Defender
133,Alexis,Mac Allister,0,0,12,348,6,73.8,28.4,66.0,0,35,16.9,0,0,0,0.0,54,Midfielder
134,Alex,Cochrane,0,0,0,0,0,0.0,0.0,0.0,0,0,0.0,0,0,0,0.0,40,Defender
135,Ben,Mee,1,2,110,2880,45,105.8,658.8,362.0,6,549,112.9,13,0,7,0.9,49,Defender
136,James,Tarkowski,2,3,143,3420,50,167.1,919.8,410.0,14,690,149.9,15,0,10,9.3,55,Defender
137,Matthew,Lowton,0,1,48,1530,31,181.7,294.2,15.0,1,270,49.2,6,0,2,0.3,42,Defender
138,Phil,Bardsley,0,2,78,1890,19,164.0,350.6,109.0,6,358,62.5,9,0,6,2.1,44,Defender
139,Charlie,Taylor,0,1,84,1944,18,243.0,382.6,19.0,5,375,64.7,10,0,3,2.1,43,Defender
140,Kevin,Long,0,0,21,562,5,1.3,104.8,24.0,0,93,13.0,2,0,0,0.3,43,Defender
141,Ben,Gibson,0,0,0,0,0,0.0,0.0,0.0,0,0,0.0,0,0,0,2.1,39,Defender
142,Ashley,Barnes,6,0,61,1350,21,85.1,226.2,474.0,6,161,75.9,8,0,4,2.1,61,Forward
143,Chris,Wood,14,1,136,2436,33,299.6,552.2,1070.0,21,384,190.8,11,0,1,2.4,62,Forward
144,Matej,Vydra,2,1,39,807,7,113.3,144.2,273.0,3,112,53.3,5,0,0,0.1,51,Forward
145,Nick,Pope,0,0,170,3420,50,30.3,900.0,2.0,23,789,93.1,15,0,1,23.1,52,Goalkeeper
146,Joe,Hart,0,0,0,0,0,0.0,0.0,0.0,0,0,0.0,0,0,0,1.0,42,Goalkeeper
147,Johann Berg,Gudmundsson,1,1,30,617,7,215.4,118.6,108.0,1,98,44.1,3,0,0,0.4,59,Midfielder
148,Dwight,McNeil,2,7,123,3339,48,931.4,644.2,430.0,6,529,200.6,16,0,5,1.0,60,Midfielder
149,Robbie,Brady,1,2,32,445,10,102.1,118.6,128.0,0,112,34.9,1,0,1,0.0,55,Midfielder
150,Steven,Defour,0,0,0,0,0,0.0,0.0,0.0,0,0,0.0,0,0,0,0.0,55,Midfielder
151,Jeff,Hendrick,2,2,67,1930,30,213.7,269.8,282.0,4,197,76.5,10,0,8,0.1,54,Midfielder
152,Ashley,Westwood,2,7,118,3150,39,814.2,596.8,135.0,11,567,154.7,15,0,9,0.8,55,Midfielder
153,Jack,Cork,0,0,70,2614,41,198.2,313.2,311.0,0,301,82.4,12,0,1,0.2,49,Midfielder
154,Aaron,Lennon,0,0,15,485,15,37.8,45.0,12.0,0,51,9.6,0,0,4,0.1,46,Midfielder
155,Erik,Pieters,0,5,77,1876,35,273.8,355.4,90.0,10,359,71.6,6,0,2,6.7,43,Defender
156,Jay,Rodriguez,8,2,100,2002,34,135.0,431.4,827.0,9,282,137.8,7,0,1,1.0,57,Forward
157,Bailey,Peacock-Farrell,0,0,0,0,0,0.0,0.0,0.0,0,0,0.0,0,0,0,0.1,43,Goalkeeper
158,Mace,Goodridge,0,0,0,0,0,0.0,0.0,0.0,0,0,0.0,0,0,0,0.0,45,Midfielder
159,Anthony,Driscoll-Glennon,0,0,0,0,0,0.0,0.0,0.0,0,0,0.0,0,0,0,0.1,39,Defender
160,Abd-Al-Ali Morakinyo Olaposi,Koiki,0,0,0,0,0,0.0,0.0,0.0,0,0,0.0,0,0,0,0.0,40,Defender
161,Josh,Brownhill,0,0,21,805,10,58.5,101.2,49.0,0,111,20.8,4,0,2,0.0,48,Midfielder
162,Jimmy,Dunne,0,0,0,0,0,0.0,0.0,0.0,0,0,0.0,0,0,0,0.0,40,Defender
163,Bobby,Thomas,0,0,0,0,0,0.0,0.0,0.0,0,0,0.0,0,0,0,0.0,40,Defender
164,Max,Thompson,0,0,1,2,0,0.0,0.0,0.0,0,3,0.0,0,0,0,0.0,45,Forward
165,Lukas,Jensen,0,0,0,0,0,0.0,0.0,0.0,0,0,0.0,0,0,0,0.0,40,Goalkeeper
166,Josh,Benson,0,0,0,0,0,0.0,0.0,0.0,0,0,0.0,0,0,0,0.0,45,Midfielder
167,Joel,Mumbongo,0,0,0,0,0,0.0,0.0,0.0,0,0,0.0,0,0,0,0.0,45,Forward
168,Marcos,Alonso,4,4,100,1429,18,413.4,411.8,420.0,11,395,124.3,7,0,4,3.1,61,Defender
169,Antonio,RÃ¼diger,2,0,63,1710,24,93.3,389.4,194.0,5,351,67.7,5,0,3,0.7,59,Defender
170,CÃ©sar,Azpilicueta,2,6,130,3229,53,708.7,905.2,438.0,16,700,205.4,8,0,1,8.8,61,Defender
171,Emerson,Palmieri dos Santos,0,0,19,1022,21,298.7,207.8,225.0,0,181,73.2,1,0,3,0.7,54,Defender
172,Andreas,Christensen,0,0,34,1751,33,70.9,353.6,96.0,0,325,52.1,3,0,5,0.7,48,Defender
173,Davide,Zappacosta,0,0,0,0,0,0.0,0.0,0.0,0,0,0.0,0,0,0,0.2,42,Defender
174,Olivier,Giroud,8,1,68,988,16,144.8,316.2,598.0,5,253,105.4,6,0,1,3.2,67,Forward
175,Kepa,Arrizabalaga,0,0,90,2970,47,0.0,503.6,0.0,0,507,50.2,8,0,0,4.3,54,Goalkeeper
176,Willy,Caballero,0,0,13,450,7,0.0,90.2,0.0,0,74,9.0,1,0,0,0.2,48,Goalkeeper
177,Willian,Borges Da Silva,9,9,168,2595,35,1177.7,834.8,930.0,26,698,294.6,10,0,4,10.7,73,Midfielder
178,Pedro,RodrÃ­guez Ledesma,1,2,32,659,12,227.1,161.4,349.0,1,127,73.8,2,0,1,1.1,68,Midfielder
179,Ruben,Loftus-Cheek,0,1,12,203,3,30.2,30.8,33.0,0,37,9.2,1,0,0,0.1,59,Midfielder
180,Callum,Hudson-Odoi,1,5,53,849,14,341.4,235.2,325.0,3,197,89.9,2,0,1,0.4,51,Midfielder
181,Ross,Barkley,1,5,61,1095,14,344.3,266.0,373.0,5,208,98.2,5,0,0,1.6,56,Midfielder
182,Jorge Luiz,Frello Filho,4,3,92,2376,40,422.4,600.0,158.0,9,535,118.4,6,0,10,2.8,49,Midfielder
183,N'Golo,KantÃ©,3,0,57,1730,25,424.5,422.8,214.0,2,294,106.3,3,0,4,3.5,50,Midfielder
184,Ethan,Ampadu,0,0,0,0,0,0.0,0.0,0.0,0,0,0.0,0,0,0,0.0,43,Midfielder
185,Christian,Pulisic,9,8,127,1717,28,426.0,556.2,1059.0,8,379,204.2,6,0,0,13.0,74,Midfielder
186,Mateo,Kovacic,1,3,68,2065,37,458.5,497.0,186.0,6,461,114.0,4,0,8,0.9,53,Midfielder
187,Kurt,Zouma,0,0,62,2343,37,40.1,518.0,162.0,2,432,71.7,7,0,6,1.7,47,Defender
188,Tammy,Abraham,15,6,153,2206,34,283.2,659.6,1301.0,20,461,223.3,7,0,2,14.0,73,Forward
189,Michy,Batshuayi,1,2,28,224,8,42.9,61.8,185.0,1,59,28.3,0,0,0,0.5,66,Forward
190,Robert Kenedy,Nunes do Nascimento,0,0,0,0,0,0.0,0.0,0.0,0,0,0.0,0,0,0,0.0,52,Midfielder
191,Mason,Mount,7,6,137,2865,44,814.0,641.2,974.0,11,510,242.8,9,0,3,12.7,60,Midfielder
192,Reece,James,0,2,61,1510,23,428.8,343.6,143.0,5,373,91.8,5,0,1,0.9,49,Defender
193,Fikayo,Tomori,1,0,48,1291,18,68.6,335.4,79.0,7,271,48.5,4,0,3,1.4,42,Defender
194,Billy,Gilmour,0,0,9,191,3,55.3,31.4,5.0,0,41,9.1,1,0,0,0.3,41,Midfielder
195,Addji Keaninkin Marc-Israel,Guehi,0,0,0,0,0,0.0,0.0,0.0,0,0,0.0,0,0,0,0.1,39,Defender
196,Faustino,Anjorin,0,0,1,19,0,1.2,0.0,9.0,0,1,1.0,0,0,0,0.0,45,Midfielder
197,Armando,Broja,0,0,1,4,0,0.3,0.0,0.0,0,2,0.0,0,0,0,0.0,45,Forward
198,Lewis,Bate,0,0,0,0,0,0.0,0.0,0.0,0,0,0.0,0,0,0,0.0,45,Midfielder
199,Patrick,van Aanholt,3,2,109,2507,38,516.0,531.2,285.0,12,523,133.4,8,0,0,4.7,56,Defender
200,James,Tomkins,1,1,48,1582,23,27.7,384.0,121.0,4,260,53.3,3,0,5,0.2,49,Defender
201,Mamadou,Sakho,0,0,11,929,21,15.9,179.2,6.0,0,148,20.2,0,1,1,0.1,50,Defender
202,Joel,Ward,0,1,77,2380,36,117.0,427.0,49.0,8,392,59.5,7,0,4,1.5,43,Defender
203,Scott,Dann,0,1,51,1264,14,58.3,250.2,177.0,3,253,48.6,5,0,0,0.2,43,Defender
204,Martin,Kelly,0,1,64,1547,16,96.5,305.4,15.0,4,288,41.7,6,0,0,14.7,41,Defender
205,Christian,Benteke,2,1,42,1252,18,248.3,231.8,632.0,1,133,110.9,5,1,4,0.5,57,Forward
206,Connor,Wickham,1,1,15,90,2,34.5,59.8,64.0,2,48,15.8,0,0,0,1.8,43,Forward
207,Vicente,Guaita,0,0,137,3150,42,0.0,827.2,0.0,16,643,82.6,10,0,1,1.6,49,Goalkeeper
208,Wayne,Hennessey,0,0,7,270,8,0.0,110.4,0.0,0,58,11.0,0,0,0,0.6,42,Goalkeeper
209,Wilfried,Zaha,4,6,120,3279,46,588.0,572.0,1103.0,4,337,226.4,9,0,5,8.4,66,Midfielder
210,Luka,Milivojevic,3,1,81,2510,38,499.1,460.0,190.0,9,382,114.9,7,0,12,1.9,67,Midfielder
211,Andros,Townsend,1,1,48,1284,23,247.1,246.4,122.0,0,221,61.6,3,0,0,0.9,56,Midfielder
212,Max,Meyer,0,0,23,645,11,68.9,68.0,103.0,0,67,23.8,1,0,1,0.1,52,Midfielder
213,Jeffrey,Schlupp,3,1,51,1030,16,101.9,240.0,266.0,4,148,60.8,4,0,2,0.1,54,Midfielder
214,James,McArthur,0,4,92,3091,38,486.6,586.6,421.0,2,420,149.6,11,0,6,0.6,52,Midfielder
215,Cheikhou,KouyatÃ©,1,2,85,2524,36,162.3,394.6,279.0,4,288,83.5,10,0,4,0.2,48,Midfielder
216,Luke,Dreher,0,0,0,0,0,0.0,0.0,0.0,0,0,0.0,0,0,0,0.1,43,Midfielder
217,James,McCarthy,0,0,41,1668,29,268.3,268.8,80.0,0,205,61.8,2,0,9,0.9,42,Midfielder
218,Jordan,Ayew,9,3,132,3148,45,445.6,597.4,885.0,19,443,192.4,12,0,6,7.3,51,Forward
219,Gary,Cahill,0,1,70,2167,35,40.0,448.4,342.0,4,395,83.4,7,0,1,1.2,43,Defender
220,VÃ­ctor,Camarasa,0,0,1,5,0,0.1,0.2,0.0,0,3,0.0,0,0,0,0.1,45,Midfielder
221,Jairo,Riedewald,0,0,22,761,9,47.1,117.0,27.0,0,116,19.1,0,0,0,0.0,45,Midfielder
222,Stephen,Henderson,0,0,0,0,0,0.0,0.0,0.0,0,0,0.0,0,0,0,0.4,40,Goalkeeper
223,Sam,Woods,0,0,0,0,0,0.0,0.0,0.0,0,0,0.0,0,0,0,0.3,39,Defender
224,Tyrick,Mitchell,0,0,4,193,4,58.7,36.4,2.0,0,23,9.7,0,0,1,0.1,40,Defender
225,Brandon,Pierrick,0,0,2,13,0,21.0,6.4,2.0,0,7,2.9,0,0,0,0.0,45,Midfielder
226,James,Daly,0,0,0,0,0,0.0,0.0,0.0,0,0,0.0,0,0,0,0.0,45,Forward
227,Nya,Kirby,0,0,0,0,0,0.0,0.0,0.0,0,0,0.0,0,0,0,0.0,45,Midfielder
228,Giovanni,McGregor,0,0,0,0,0,0.0,0.0,0.0,0,0,0.0,0,0,0,0.0,45,Midfielder
229,Nikola,Tavares,0,0,0,0,0,0.0,0.0,0.0,0,0,0.0,0,0,0,0.0,40,Defender
230,John-Kymani,Gordon,0,0,0,0,0,0.0,0.0,0.0,0,0,0.0,0,0,0,0.0,45,Midfielder
231,Alex,Iwobi,1,0,52,1591,30,383.7,246.4,329.0,2,227,95.9,4,0,0,0.9,56,Midfielder
232,Lucas,Digne,0,8,120,3031,49,1112.0,743.0,293.0,16,646,215.0,9,0,6,13.4,59,Defender
233,Yerry,Mina,2,1,78,2281,37,87.2,535.4,422.0,8,419,104.4,5,0,3,1.9,53,Defender
234,Michael,Keane,2,0,90,2556,42,80.0,666.4,204.0,9,490,95.2,7,0,3,2.4,52,Defender
235,Seamus,Coleman,0,1,55,1833,29,149.0,321.2,175.0,2,325,64.6,5,1,3,1.2,53,Defender
236,Leighton,Baines,0,1,14,400,8,123.8,81.8,5.0,0,89,21.2,0,0,0,0.2,49,Defender
237,Cenk,Tosun,2,0,24,462,6,63.4,89.0,229.0,1,86,37.7,2,0,0,0.1,57,Forward
238,Dominic,Calvert-Lewin,13,1,126,2621,43,241.4,562.8,1272.0,15,385,206.3,8,0,9,7.9,61,Forward
239,Jordan,Pickford,0,0,117,3420,56,13.0,755.6,0.0,5,626,76.7,9,0,2,6.3,52,Goalkeeper
240,Maarten,Stekelenburg,0,0,0,0,0,0.0,0.0,0.0,0,0,0.0,0,0,0,7.2,39,Goalkeeper
241,Richarlison,de Andrade,13,5,165,3070,51,478.1,814.6,1233.0,13,519,252.3,9,0,8,9.2,82,Midfielder
242,Gylfi,Sigurdsson,2,4,95,2555,45,765.1,454.6,484.0,7,397,170.5,6,0,3,2.4,73,Midfielder
243,Bernard,AnÃ­cio Caldeira Duarte,3,2,72,1269,12,349.1,315.0,236.0,6,237,89.8,9,0,2,0.6,64,Midfielder
244,Theo,Walcott,2,4,63,1281,19,289.1,225.0,521.0,1,186,103.7,4,0,1,0.4,62,Midfielder
245,Tom,Davies,1,1,59,2020,34,122.6,270.4,262.0,3,233,65.5,5,0,8,0.1,53,Midfielder
246,Ademola,Lookman,0,0,0,0,0,0.0,0.0,0.0,0,0,0.0,0,0,0,0.0,50,Midfielder
247,Idrissa,Gueye,0,0,0,0,0,0.0,0.0,0.0,0,0,0.0,0,0,0,0.0,50,Midfielder
248,Morgan,Schneiderlin,0,0,18,998,20,78.5,143.2,32.0,0,132,25.5,1,1,4,0.5,44,Midfielder
249,Fabian,Delph,0,0,24,1187,24,146.7,183.0,24.0,2,202,35.4,2,1,3,0.2,53,Defender
250,AndrÃ© Filipe,Tavares Gomes,0,1,39,1457,20,179.4,156.6,33.0,3,184,36.4,5,0,6,0.3,52,Midfielder
251,Lewis,Gibson,0,0,0,0,0,0.0,0.0,0.0,0,0,0.0,0,0,0,0.1,42,Defender
252,Mason,Holgate,0,4,71,2052,34,63.9,465.4,152.0,6,412,68.3,5,0,5,1.6,42,Defender
253,Jonas,LÃ¶ssl,0,0,0,0,0,0.0,0.0,0.0,0,0,0.0,0,0,0,0.2,42,Goalkeeper
254,Moise,Kean,2,2,53,830,15,136.5,153.6,429.0,5,138,71.1,1,0,1,1.4,63,Forward
255,Jean-Philippe,Gbamin,0,0,4,135,0,6.3,20.0,0.0,0,14,2.6,1,0,0,0.0,48,Midfielder
256,Djibril,SidibÃ©,0,4,74,1818,30,341.5,463.0,121.0,10,386,92.5,5,0,3,0.7,50,Defender
257,Beni,Baningime,0,0,0,0,0,0.0,0.0,0.0,0,0,0.0,0,0,0,0.0,44,Midfielder
258,Anthony,Gordon,0,1,17,436,6,98.4,76.0,44.0,1,63,21.8,0,0,0,0.1,45,Forward
259,Oumar,Niasse,0,0,3,19,2,1.8,7.0,0.0,0,1,0.9,0,0,0,0.0,45,Forward
260,Rhu-endly,Martina,0,0,0,0,0,0.0,0.0,0.0,0,0,0.0,0,0,0,0.1,40,Defender
261,JoÃ£o Manuel,Neves VirgÃ­nia,0,0,0,0,0,0.0,0.0,0.0,0,0,0.0,0,0,0,0.0,40,Goalkeeper
262,Jarrad,Branthwaite,0,0,11,299,6,2.2,66.0,0.0,2,69,6.9,1,0,0,0.4,40,Defender
263,Ellis,Simms,0,0,0,0,0,0.0,0.0,0.0,0,0,0.0,0,0,0,0.0,45,Forward
264,Ricardo Domingos,Barbosa Pereira,3,2,123,2520,27,446.5,738.0,235.0,11,568,141.9,10,0,1,7.7,62,Defender
265,Benjamin,Chilwell,3,3,114,2374,26,545.4,546.0,208.0,8,501,130.0,9,0,3,6.3,54,Defender
266,Jonny,Evans,1,2,128,3384,41,131.9,755.2,325.0,12,707,121.4,13,1,7,5.7,53,Defender
267,Christian,Fuchs,0,0,26,770,10,53.5,144.4,20.0,2,139,21.8,2,0,0,0.3,42,Defender
268,Ãaglar,SÃ¶yÃ¼ncÃ¼,1,1,120,3036,35,79.0,755.6,238.0,12,681,107.5,12,1,4,9.3,49,Defender
269,Wes,Morgan,0,0,19,430,6,2.1,85.8,58.0,2,87,14.5,1,0,0,0.6,41,Defender
270,Jamie,Vardy,23,7,210,3032,38,418.4,1026.0,1455.0,34,775,288.8,11,0,3,27.2,97,Forward
271,Kelechi,Iheanacho,5,4,64,953,9,204.2,288.2,603.0,7,204,109.4,3,0,1,0.5,57,Forward
272,Kasper,Schmeichel,0,0,156,3420,41,30.0,863.4,2.0,10,707,89.6,13,0,2,12.8,55,Goalkeeper
273,Eldin,Jakupovic,0,0,0,0,0,0.0,0.0,0.0,0,0,0.0,0,0,0,0.1,42,Goalkeeper
274,Danny,Ward,0,0,0,0,0,0.0,0.0,0.0,0,0,0.0,0,0,0,0.2,42,Goalkeeper
275,James,Maddison,6,5,125,2624,26,1246.4,642.4,702.0,14,548,259.2,10,0,4,12.1,73,Midfielder
276,Harvey,Barnes,6,10,133,2075,24,517.4,525.0,893.0,9,394,193.7,9,0,0,2.1,58,Midfielder
277,Rachid,Ghezzal,0,0,0,0,0,0.0,0.0,0.0,0,0,0.0,0,0,0,0.0,51,Midfielder
278,Marc,Albrighton,0,3,38,857,11,287.9,190.6,102.0,1,185,58.1,3,0,2,0.2,51,Midfielder
279,Demarai,Gray,2,4,44,605,6,242.3,205.4,263.0,0,151,70.8,1,0,1,0.3,50,Midfielder
280,Wilfred,Ndidi,2,1,85,2671,32,254.4,611.6,205.0,5,443,107.2,12,0,6,1.7,50,Midfielder
281,Matty,James,0,0,1,5,0,0.1,0.4,0.0,0,3,0.1,0,0,0,0.2,43,Midfielder
282,Daniel,Amartey,0,0,0,0,0,0.0,0.0,0.0,0,0,0.0,0,0,0,0.3,42,Midfielder
283,Nampalys,Mendy,0,0,11,288,3,51.8,57.4,9.0,0,71,11.8,1,0,0,0.8,43,Midfielder
284,Hamza,Choudhury,1,1,35,883,12,70.0,177.6,83.0,0,153,33.1,3,1,2,0.7,42,Midfielder
285,Ayoze,PÃ©rez,8,5,129,1998,25,443.9,547.4,779.0,9,402,177.3,9,0,0,5.0,60,Midfielder
286,Ryan,Bennett,0,0,32,932,17,41.0,161.4,16.0,2,176,21.8,3,0,2,0.3,48,Defender
287,James,Justin,0,1,35,1010,14,195.0,240.6,61.0,0,196,49.6,4,0,1,0.6,47,Defender
288,Youri,Tielemans,3,6,117,2823,35,805.4,566.6,502.0,5,531,187.6,12,0,2,3.7,61,Midfielder
289,Andy,King,0,0,0,0,0,0.0,0.0,0.0,0,0,0.0,0,0,0,0.4,42,Midfielder
290,Dennis,Praet,1,3,54,1122,17,161.6,196.2,210.0,3,203,56.5,2,0,2,0.1,52,Midfielder
291,Filip,Benkovic,0,0,0,0,0,0.0,0.0,0.0,0,0,0.0,0,0,0,0.0,39,Defender
292,Luke,Thomas,0,1,15,267,4,149.8,78.4,10.0,3,70,23.9,1,0,0,0.8,40,Defender
293,George,Hirst,0,0,2,9,1,0.6,3.2,25.0,0,3,2.6,0,0,0,0.0,45,Forward
294,Darnell,Johnson,0,0,0,0,0,0.0,0.0,0.0,0,0,0.0,0,0,0,0.0,40,Defender
295,Andrew,Robertson,2,12,181,3111,31,980.2,845.8,389.0,20,847,221.7,13,0,2,18.1,70,Defender
296,Trent,Alexander-Arnold,4,15,210,3173,32,1380.3,1026.8,420.0,24,904,282.8,14,0,5,39.1,77,Defender
297,Virgil,van Dijk,5,2,178,3420,33,152.4,930.2,467.0,14,804,154.8,15,0,1,42.4,65,Defender
298,Joseph,Gomez,0,0,93,1999,16,105.7,390.6,12.0,7,461,50.9,12,0,7,3.9,53,Defender
299,Joel,Matip,1,0,39,703,5,23.0,198.2,39.0,4,167,26.2,3,0,0,1.1,52,Defender
300,Dejan,Lovren,0,1,18,776,11,28.1,196.6,72.0,0,147,29.8,0,0,1,0.2,53,Defender
301,Roberto,Firmino,9,9,155,2985,26,703.0,733.6,1638.0,20,592,307.5,16,0,0,10.1,93,Forward
302,Divock,Origi,4,3,65,699,12,128.8,201.8,222.0,8,230,55.0,2,0,1,2.4,51,Forward
303,Alisson,Ramses Becker,0,1,122,2543,24,10.0,503.0,0.0,11,558,51.5,13,1,0,9.2,62,Goalkeeper
304,Simon,Mignolet,0,0,0,0,0,0.0,0.0,0.0,0,0,0.0,0,0,0,0.0,45,Goalkeeper
305,Mohamed,Salah,19,10,233,2879,26,834.8,1061.2,2156.0,26,661,405.1,16,0,1,32.4,125,Midfielder
306,Sadio,ManÃ©,18,10,221,2745,28,826.6,1010.2,1239.0,27,689,307.7,12,0,3,19.7,121,Midfielder
307,Alex,Oxlade-Chamberlain,4,1,76,1475,12,298.2,300.0,406.0,2,268,99.9,8,0,1,0.6,61,Midfielder
308,Xherdan,Shaqiri,1,0,15,181,2,51.6,47.8,37.0,0,54,13.7,1,0,0,0.2,63,Midfielder
309,Adam,Lallana,1,1,27,371,5,68.8,107.2,74.0,1,97,25.1,1,0,1,0.1,57,Midfielder
310,Naby,Keita,2,3,52,806,8,234.7,281.8,169.0,3,224,68.7,5,0,1,0.3,58,Midfielder
311,Fabio Henrique,Tavares,2,3,77,2073,26,322.4,431.6,85.0,8,403,84.0,6,0,6,1.2,54,Midfielder
312,Jordan,Henderson,4,5,116,2234,14,425.9,582.6,275.0,11,530,128.5,16,0,2,1.2,52,Midfielder
313,Georginio,Wijnaldum,4,0,107,2933,28,344.1,452.8,423.0,5,503,122.0,12,0,0,2.1,54,Midfielder
314,James,Milner,2,2,49,924,9,177.1,237.2,100.0,3,198,51.4,4,0,4,0.5,53,Midfielder
315,Rafael,Camacho,0,0,0,0,0,0.0,0.0,0.0,0,0,0.0,0,0,0,0.0,45,Midfielder
316,Rhian,Brewster,0,0,0,0,0,0.0,0.0,0.0,0,0,0.0,0,0,0,0.5,42,Forward
317,AdriÃ¡n,San Miguel del Castillo,0,0,27,873,10,0.0,131.4,0.0,0,136,13.2,2,0,1,2.0,40,Goalkeeper
318,Andy,Lonergan,0,0,0,0,0,0.0,0.0,0.0,0,0,0.0,0,0,0,0.0,42,Goalkeeper
319,Caoimhin,Kelleher,0,0,0,0,0,0.0,0.0,0.0,0,0,0.0,0,0,0,0.0,44,Goalkeeper
320,Harvey,Elliott,0,0,2,7,0,1.7,1.8,0.0,0,6,0.4,0,0,0,0.0,45,Midfielder
321,Curtis,Jones,1,0,13,121,1,15.6,49.4,65.0,0,46,12.9,1,0,0,0.0,45,Midfielder
322,Neco,Williams,0,0,14,228,2,53.3,49.4,98.0,3,53,20.0,1,0,1,0.4,40,Defender
323,Nathaniel,Phillips,0,0,0,0,0,0.0,0.0,0.0,0,0,0.0,0,0,0,0.0,39,Defender
324,Takumi,Minamino,0,0,11,241,2,29.9,17.4,85.0,0,20,12.7,0,0,0,0.1,58,Midfielder
325,Ki-Jana,Hoever,0,0,0,0,0,0.0,0.0,0.0,0,0,0.0,0,0,0,0.0,39,Defender
326,Aymeric,Laporte,1,0,63,1096,5,62.2,246.8,79.0,0,298,38.7,8,0,1,4.1,63,Defender
327,Kyle,Walker,1,4,114,2392,24,394.4,435.6,169.0,7,573,100.1,12,0,5,13.2,57,Defender
328,Benjamin,Mendy,0,2,74,1491,13,403.2,243.0,106.0,3,378,75.5,9,0,3,1.6,55,Defender
329,Oleksandr,Zinchenko,0,0,49,1271,15,375.8,232.0,102.0,1,295,71.2,6,1,0,2.4,52,Defender
330,John,Stones,0,0,34,1118,16,53.0,216.4,66.0,0,231,33.7,3,0,0,1.0,53,Defender
331,NicolÃ¡s,Otamendi,2,1,82,1710,21,65.5,443.6,319.0,6,389,82.7,7,0,3,2.4,48,Defender
332,Danilo Luiz,da Silva,0,0,0,0,0,0.0,0.0,0.0,0,0,0.0,0,0,0,0.0,50,Defender
333,Sergio,AgÃ¼ero,16,6,132,1449,18,256.4,641.2,1188.0,14,509,208.2,5,0,1,11.8,116,Forward
334,Gabriel Fernando,de Jesus,14,8,146,2018,14,447.7,757.6,1620.0,17,535,282.1,12,0,3,8.2,99,Forward
335,Ederson,Santana de Moraes,0,0,133,3071,31,16.0,608.6,0.0,2,645,62.3,16,1,3,13.4,61,Goalkeeper
336,Claudio,Bravo,0,0,11,346,7,0.0,57.8,0.0,0,69,5.8,1,0,0,0.3,47,Goalkeeper
337,Raheem,Sterling,20,6,204,2651,31,751.3,921.6,1829.0,20,642,350.2,13,0,5,23.2,120,Midfielder
338,Kevin,De Bruyne,13,23,251,2790,22,1990.8,1322.2,1005.0,35,988,432.1,18,0,3,48.9,106,Midfielder
339,Leroy,SanÃ©,0,0,1,11,0,1.1,0.0,11.0,0,2,1.0,0,0,0,0.2,91,Midfielder
340,Riyad,Mahrez,11,14,175,1934,15,885.8,814.2,1094.0,17,668,279.5,10,0,0,10.1,86,Midfielder
341,Bernardo Mota,Veiga de Carvalho e Silva,6,7,116,2021,24,773.2,626.2,927.0,7,526,232.5,9,0,5,8.1,76,Midfielder
342,David,Silva,6,12,139,1821,15,735.8,639.6,937.0,15,549,231.2,11,0,0,9.1,75,Midfielder
343,Phil,Foden,5,2,69,888,7,301.6,312.2,466.0,4,261,108.1,4,0,0,6.0,55,Midfielder
344,Fernando,Luiz Rosa,0,1,55,2394,27,146.2,557.6,175.0,1,401,87.9,10,2,7,0.6,51,Midfielder
345,Ilkay,GÃ¼ndogan,2,1,65,2012,28,592.3,408.4,374.0,4,382,137.5,7,0,7,1.2,51,Midfielder
346,JosÃ© Ãngel,EsmorÃ­s Tasende,0,1,11,422,7,164.0,92.6,58.0,1,94,31.6,0,0,1,0.1,46,Defender
347,Rodrigo,Hernandez,3,2,92,2480,27,532.6,599.2,193.0,5,516,132.3,14,0,8,1.2,53,Midfielder
348,JoÃ£o Pedro Cavaco,Cancelo,0,0,45,1205,11,287.6,265.0,141.0,3,299,69.3,5,0,4,0.8,51,Defender
349,Eric,Garcia,0,0,38,790,7,42.2,153.0,26.0,0,189,22.2,5,0,1,1.0,45,Defender
350,Scott,Carson,0,0,0,0,0,0.0,0.0,0.0,0,0,0.0,0,0,0,0.1,40,Goalkeeper
351,Taylor,Harwood-Bellis,0,0,0,0,0,0.0,0.0,0.0,0,0,0.0,0,0,0,0.0,40,Defender
352,Cole,Palmer,0,0,0,0,0,0.0,0.0,0.0,0,0,0.0,0,0,0,0.0,45,Midfielder
353,Tommy,Doyle,0,0,1,15,0,2.0,3.8,7.0,0,3,1.3,0,0,0,0.0,45,Midfielder
354,Aaron,Wan-Bissaka,0,4,127,3070,33,443.3,749.2,133.0,16,659,132.8,12,0,8,18.9,55,Defender
355,Harry,Maguire,1,0,123,3420,36,214.6,772.0,371.0,5,681,136.2,13,0,6,11.2,53,Defender
356,Chris,Smalling,0,0,0,0,0,0.0,0.0,0.0,0,0,0.0,0,0,0,0.1,52,Defender
357,Ashley,Young,0,0,24,953,10,316.6,155.6,18.0,0,158,49.1,2,0,5,0.3,54,Defender
358,Victor,LindelÃ¶f,1,0,116,3092,32,73.6,554.0,79.0,9,618,70.7,12,0,6,1.2,53,Defender
359,Luke,Shaw,0,0,67,1730,15,321.2,344.2,187.0,2,381,85.1,8,0,7,0.7,54,Defender
360,Marcos,Rojo,0,0,3,121,2,1.9,20.2,6.0,0,9,2.8,0,0,1,0.1,48,Defender
361,Eric,Bailly,0,0,9,148,1,1.0,32.0,0.0,0,40,3.3,1,0,0,0.1,47,Defender
362,JosÃ© Diogo,Dalot Teixeira,0,0,4,65,1,4.3,10.4,6.0,0,10,1.9,0,0,0,0.1,49,Defender
363,Matteo,Darmian,0,0,0,0,0,0.0,0.0,0.0,0,0,0.0,0,0,0,0.0,49,Defender
364,Phil,Jones,0,0,2,135,3,3.0,21.4,23.0,0,22,4.7,0,0,0,0.1,47,Defender
365,Romelu,Lukaku,0,0,0,0,0,0.0,0.0,0.0,0,0,0.0,0,0,0,0.3,85,Forward
366,Marcus,Rashford,17,8,177,2645,29,563.7,887.0,1265.0,31,665,271.7,9,0,3,18.1,89,Forward
367,Mason,Greenwood,10,1,103,1303,13,222.7,449.6,502.0,17,430,117.0,6,0,0,26.9,48,Forward
368,David,de Gea,0,0,143,3420,36,0.0,695.0,0.0,8,630,69.2,13,0,2,11.5,53,Goalkeeper
369,Sergio,Romero,0,0,0,0,0,0.0,0.0,0.0,0,0,0.0,0,0,0,0.2,46,Goalkeeper
370,Lee,Grant,0,0,0,0,0,0.0,0.0,0.0,0,0,0.0,0,0,0,0.1,47,Goalkeeper
371,Paul,Pogba,1,4,51,1202,9,420.0,295.8,193.0,2,215,91.0,6,0,1,3.5,83,Midfielder
372,Anthony,Martial,17,9,200,2625,27,439.3,855.6,1297.0,14,544,259.4,14,0,1,22.5,85,Midfielder
373,Alexis,SÃ¡nchez,0,0,0,0,0,0.0,0.0,0.0,0,0,0.0,0,0,0,0.4,68,Midfielder
374,Jesse,Lingard,1,0,32,923,14,278.2,109.0,297.0,0,99,68.2,1,0,3,0.7,63,Midfielder
375,Juan,Mata,0,2,38,747,8,293.9,109.2,130.0,2,139,53.4,4,0,1,0.4,61,Midfielder
376,Daniel,James,3,6,95,2281,29,428.1,415.2,622.0,2,308,146.0,7,0,4,4.9,57,Midfielder
377,Frederico,Rodrigues de Paula Santos,0,0,50,2157,26,542.7,430.6,260.0,0,358,123.5,6,0,8,0.3,51,Midfielder
378,Angel,Gomes,0,0,2,19,1,24.8,4.2,2.0,0,7,3.1,0,0,0,0.1,47,Midfielder
379,Andreas,Pereira,1,3,60,1478,16,432.1,245.6,343.0,1,198,102.3,6,0,3,0.4,47,Midfielder
380,Nemanja,Matic,0,2,55,1578,13,250.3,357.4,53.0,2,287,66.2,10,0,2,0.4,48,Midfielder
381,Scott,McTominay,3,2,74,1765,20,238.4,415.6,310.0,6,310,96.4,3,0,2,1.0,48,Midfielder
382,Tahith,Chong,0,0,3,34,0,1.1,1.4,6.0,0,6,0.7,0,0,0,0.5,42,Midfielder
383,James,Garner,0,0,1,8,1,2.8,2.2,0.0,0,3,0.5,0,0,0,0.2,43,Midfielder
384,Axel,Tuanzebe,0,0,7,187,3,6.2,17.6,0.0,0,30,2.4,0,0,0,0.1,44,Defender
385,Brandon,Williams,1,1,51,1003,11,191.2,200.0,100.0,3,228,49.2,5,0,6,3.4,38,Defender
386,Bruno Miguel,Borges Fernandes,8,8,117,1187,6,479.3,551.8,361.0,18,366,139.2,9,0,2,28.4,90,Midfielder
387,Odion,Ighalo,0,0,11,92,0,23.8,23.0,135.0,0,24,18.1,0,0,0,0.3,59,Forward
388,Timothy,Fosu-Mensah,0,0,7,136,1,28.6,12.0,6.0,0,27,4.2,1,0,1,0.0,45,Defender
389,Matt,Ritchie,2,1,74,1312,19,482.7,285.4,218.0,7,293,98.6,8,0,4,0.9,53,Defender
390,Fabian,SchÃ¤r,2,1,55,1669,38,58.3,440.6,179.0,2,297,67.8,4,0,5,1.1,50,Defender
391,DeAndre,Yedlin,1,0,26,934,18,118.1,165.6,43.0,0,122,32.9,1,0,3,0.1,44,Defender
392,Federico,FernÃ¡ndez,2,3,102,2617,42,74.5,741.0,223.0,13,507,103.7,8,0,8,2.9,46,Defender
393,Paul,Dummett,0,0,44,1227,20,63.1,265.2,50.0,4,230,37.7,5,0,2,0.2,43,Defender
394,Javier,Manquillo,0,1,65,1597,21,100.8,232.0,40.0,4,288,37.3,8,0,5,0.2,43,Defender
395,Florian,Lejeune,2,0,24,440,10,12.6,132.0,81.0,1,88,22.5,1,0,0,0.0,43,Defender
396,Jamaal,Lascelles,1,0,73,2076,31,28.1,403.0,125.0,3,358,55.7,8,0,5,3.8,42,Defender
397,Ciaran,Clark,2,0,49,1186,14,14.9,331.4,128.0,2,216,47.6,4,0,3,0.2,43,Defender
398,Yoshinori,Muto,0,0,9,207,7,15.4,12.6,12.0,0,25,3.7,0,0,0,0.1,51,Forward
399,Jose Luis,Mato SanmartÃ­n,0,0,0,0,0,0.0,0.0,0.0,0,0,0.0,0,0,0,0.0,50,Forward
400,Martin,Dubravka,0,0,143,3420,58,0.0,1019.0,0.0,7,719,102.0,11,0,0,2.0,51,Goalkeeper
401,Karl,Darlow,0,0,0,0,0,0.0,0.0,0.0,0,0,0.0,0,0,0,0.1,43,Goalkeeper
402,Frederick,Woodman,0,0,0,0,0,0.0,0.0,0.0,0,0,0.0,0,0,0,0.8,39,Goalkeeper
403,Miguel,AlmirÃ³n,4,2,109,3020,48,450.2,481.6,750.0,5,356,168.0,12,0,5,0.8,58,Midfielder
404,Christian,Atsu,0,3,37,738,15,186.7,121.4,55.0,0,104,36.3,3,0,2,0.1,53,Midfielder
405,Sung-yueng,Ki,0,0,4,135,6,39.8,17.8,0.0,0,18,5.8,0,0,0,0.0,47,Midfielder
406,Jonjo,Shelvey,6,2,105,2118,34,597.4,559.4,344.0,15,437,150.4,8,0,3,1.0,49,Midfielder
407,Sean,Longstaff,1,2,44,1370,26,217.1,235.8,155.0,0,181,60.8,2,1,2,0.2,50,Midfielder
408,Isaac,Hayden,1,4,73,2220,36,227.6,368.6,189.0,3,309,78.5,8,1,4,3.1,44,Midfielder
409,Danny,Rose,0,0,47,1753,28,230.8,288.4,44.0,0,290,56.5,5,0,7,1.3,53,Defender
410,Joelinton CÃ¡ssio,ApolinÃ¡rio de Lira,2,2,78,2678,46,433.4,330.8,641.0,3,236,140.5,9,0,7,0.9,55,Forward
411,Jack,Colback,0,0,0,0,0,0.0,0.0,0.0,0,0,0.0,0,0,0,0.1,43,Midfielder
412,Jacob,Murphy,0,0,0,0,0,0.0,0.0,0.0,0,0,0.0,0,0,0,0.0,47,Midfielder
413,Jetro,Willems,2,2,64,1492,24,196.0,345.4,198.0,6,283,74.1,3,0,0,0.6,43,Defender
414,Rolando,Aarons,0,0,0,0,0,0.0,0.0,0.0,0,0,0.0,0,0,0,0.0,48,Midfielder
415,Allan,Saint-Maximin,3,5,92,1860,22,423.4,434.0,542.0,7,321,139.8,8,0,0,1.8,52,Midfielder
416,Emil,Krafth,0,1,37,1015,23,28.8,184.4,39.0,2,187,25.2,3,0,0,0.1,43,Defender
417,Andy,Carroll,0,4,34,617,10,162.0,136.6,211.0,0,87,51.1,2,0,1,0.1,54,Forward
418,Matthew,Longstaff,2,0,27,572,11,51.6,102.8,49.0,2,104,20.4,1,0,1,0.1,45,Midfielder
419,Dwight,Gayle,4,2,58,842,15,86.2,217.0,348.0,10,190,64.7,4,0,2,0.5,50,Forward
420,Robert,Elliot,0,0,0,0,0,0.0,0.0,0.0,0,0,0.0,0,0,0,0.1,40,Goalkeeper
421,Thomas,Allan,0,0,0,0,0,0.0,0.0,0.0,0,0,0.0,0,0,0,0.0,45,Midfielder
422,Kelland,Watts,0,0,1,16,1,0.0,2.0,0.0,0,3,0.2,0,0,0,0.2,39,Defender
423,Liam,Gibson,0,0,0,0,0,0.0,0.0,0.0,0,0,0.0,0,0,0,0.0,40,Defender
424,Nabil,Bentaleb,0,0,19,747,16,101.0,104.6,20.0,0,113,22.5,2,0,2,0.0,47,Midfielder
425,Valentino,Lazaro,1,0,19,472,13,88.1,84.2,38.0,0,81,21.0,0,1,0,0.0,53,Midfielder
426,Jack,Young,0,0,0,0,0,0.0,0.0,0.0,0,0,0.0,0,0,0,0.0,45,Midfielder
427,Timm,Klose,0,0,9,585,13,2.6,121.2,42.0,0,77,16.6,0,0,0,0.0,43,Defender
428,Ben,Godfrey,0,0,38,2644,62,57.0,602.8,119.0,0,447,78.3,3,1,3,0.2,44,Defender
429,Maximillian,Aarons,0,2,66,3240,71,385.2,566.6,237.0,3,489,119.0,5,0,7,1.3,42,Defender
430,Christoph,Zimmermann,0,1,35,1430,27,25.5,366.4,62.0,1,247,45.6,3,0,3,0.0,44,Defender
431,Jamal,Lewis,1,0,48,2301,56,262.2,439.0,130.0,3,384,83.3,3,0,4,0.3,44,Defender
432,Grant,Hanley,0,0,23,1261,25,3.6,318.8,76.0,1,214,40.0,2,0,4,1.7,40,Defender
433,Teemu,Pukki,11,3,139,2884,59,379.5,545.0,1202.0,21,444,211.8,6,0,3,11.4,64,Forward
434,Dennis,Srbeny,1,0,13,41,2,3.4,44.2,25.0,1,50,7.0,0,0,0,0.0,52,Forward
435,Tim,Krul,0,0,109,3240,68,0.0,1063.0,0.0,10,668,106.3,5,0,4,2.2,46,Goalkeeper
436,Michael,McGovern,0,0,11,158,6,0.0,65.0,0.0,2,46,6.5,0,0,0,4.9,41,Goalkeeper
437,Mario,Vrancic,1,0,29,624,19,107.9,123.0,123.0,1,116,35.4,0,0,3,0.1,62,Midfielder
438,Emiliano,BuendÃ­a,1,7,94,2458,54,1196.7,711.6,401.0,12,464,231.1,3,1,6,0.7,60,Midfielder
439,Onel,HernÃ¡ndez,1,2,52,1374,32,235.5,227.2,445.0,0,173,90.5,1,0,0,0.1,53,Midfielder
440,Marco,Stiepermann,0,0,32,1173,32,188.1,120.2,277.0,0,96,58.5,1,0,6,0.1,50,Midfielder
441,Kenny,McLean,1,1,77,2965,63,423.9,505.8,274.0,0,424,120.4,5,0,5,0.1,48,Midfielder
442,Todd,Cantwell,6,2,111,2484,54,493.1,516.4,656.0,10,410,165.9,6,0,6,13.0,45,Midfielder
443,Moritz,Leitner,0,0,16,683,16,127.7,106.8,53.0,0,102,28.8,1,0,1,0.2,43,Midfielder
444,Alexander,Tettey,1,1,67,2339,44,116.5,358.0,173.0,3,404,64.9,5,0,5,0.3,44,Midfielder
445,Tom,Trybull,0,0,28,1128,25,55.4,198.2,92.0,0,172,34.7,2,0,2,0.6,43,Midfielder
446,Josip,Drmic,1,0,26,636,13,67.3,59.6,231.0,0,67,35.3,0,1,0,0.1,53,Forward
447,Patrick,Roberts,0,0,3,24,2,0.6,4.4,0.0,0,12,0.5,0,0,0,0.0,50,Midfielder
448,Ralf,Fahrmann,0,0,1,21,1,0.0,4.0,0.0,0,6,0.4,0,0,0,0.3,44,Goalkeeper
449,Sam,Byram,0,0,32,1292,23,109.2,273.2,218.0,2,201,60.2,3,0,4,0.1,43,Defender
450,Philip,Heise,0,0,0,0,0,0.0,0.0,0.0,0,0,0.0,0,0,0,0.6,39,Defender
451,Ibrahim,Amadou,0,0,18,756,20,18.3,177.2,31.0,0,122,22.7,1,0,1,0.1,45,Midfielder
452,Adam,Idah,0,0,13,219,9,18.2,13.8,47.0,0,25,7.1,0,0,0,0.1,44,Forward
453,Archie,Mair,0,0,0,0,0,0.0,0.0,0.0,0,0,0.0,0,0,0,0.1,40,Goalkeeper
454,Akin,Famewo,0,0,1,1,0,0.0,0.0,0.0,0,3,0.0,0,0,0,0.1,39,Defender
455,Ondrej,Duda,0,1,24,723,9,261.6,115.8,105.0,0,131,48.3,3,0,0,0.1,44,Midfielder
456,Lukas,Rupp,0,0,19,692,18,109.1,70.2,88.0,0,79,26.4,1,0,1,0.0,44,Midfielder
457,Josh,Martin,0,0,5,32,2,0.8,6.6,17.0,0,14,2.5,0,0,0,0.0,45,Midfielder
458,Jordan,Thomas,0,0,1,1,0,0.0,0.0,0.0,0,3,0.0,0,0,0,0.0,40,Defender
459,Daniel,Adshead,0,0,0,0,0,0.0,0.0,0.0,0,0,0.0,0,0,0,0.0,45,Midfielder
460,Lys,Mousset,6,4,84,1223,15,163.1,303.0,530.0,11,248,98.1,3,0,1,2.7,43,Forward
461,Enda,Stevens,2,4,142,3345,39,554.5,641.0,338.0,8,639,153.5,13,0,7,4.6,52,Defender
462,Kieron,Freeman,0,0,2,6,0,0.3,0.0,0.0,0,5,0.0,0,0,0,0.1,42,Defender
463,Jack,O'Connell,0,1,111,2915,28,262.3,576.6,246.0,6,552,108.6,12,0,4,2.3,45,Defender
464,George,Baldock,2,4,142,3420,39,485.7,559.8,241.0,7,602,128.6,13,0,7,11.6,50,Defender
465,John,Egan,2,1,133,3187,33,25.4,641.4,587.0,9,592,125.4,13,1,3,7.1,47,Defender
466,Richard,Stearman,0,0,0,0,0,0.0,0.0,0.0,0,0,0.0,0,0,0,1.9,39,Defender
467,John,Lundstram,5,4,144,2452,29,382.9,502.8,449.0,15,539,133.9,10,0,5,28.8,46,Defender
468,Billy,Sharp,3,2,57,1037,10,186.2,175.4,348.0,9,159,69.9,4,1,1,0.4,52,Forward
469,Jake,Eastwood,0,0,0,0,0,0.0,0.0,0.0,0,0,0.0,0,0,0,0.1,43,Goalkeeper
470,Mark,Duffy,0,0,0,0,0,0.0,0.0,0.0,0,0,0.0,0,0,0,0.0,52,Midfielder
471,John,Fleck,5,2,101,2515,30,648.8,527.4,419.0,13,464,159.6,8,0,8,2.4,47,Midfielder
472,Oliver,Norwood,1,3,98,3089,36,808.8,608.4,100.0,6,563,151.8,13,0,8,0.6,47,Midfielder
473,David,McGoldrick,2,2,65,1810,18,268.4,303.4,584.0,6,201,115.2,7,0,2,0.2,54,Forward
474,Chris,Basham,0,1,123,3242,37,212.1,707.6,103.0,6,639,102.7,13,0,4,2.1,46,Defender
475,Simon,Moore,0,0,3,180,6,0.0,28.0,0.0,0,23,2.8,0,0,0,0.1,43,Goalkeeper
476,Luke,Freeman,0,0,13,360,5,77.4,46.2,25.0,0,38,14.9,1,0,2,0.1,50,Midfielder
477,Phil,Jagielka,0,0,6,240,6,4.8,75.4,2.0,0,50,8.2,0,0,0,0.4,41,Defender
478,Callum,Robinson,1,2,33,669,6,72.8,79.8,156.0,1,73,30.4,2,0,1,0.2,49,Midfielder
479,Ravel,Morrison,0,0,1,12,0,0.6,0.0,4.0,0,0,0.2,0,0,0,0.1,45,Midfielder
480,Dean,Henderson,0,1,160,3240,33,10.0,718.8,18.0,16,688,74.8,13,0,2,15.7,52,Goalkeeper
481,Ben,Osborn,0,0,19,590,4,108.5,78.4,65.0,0,84,25.3,2,0,0,0.0,47,Midfielder
482,Oliver,McBurnie,6,1,86,2105,25,186.9,424.4,830.0,6,300,143.7,9,0,4,0.4,55,Forward
483,Michael,Verrips,0,0,0,0,0,0.0,0.0,0.0,0,0,0.0,0,0,0,0.1,44,Goalkeeper
484,Muhamed,BeÅ¡iÄ,0,0,9,243,2,21.5,34.2,29.0,0,40,8.5,0,0,2,0.1,43,Midfielder
485,Leon,Clarke,0,0,2,33,2,1.6,4.0,6.0,0,3,1.0,0,0,0,0.1,44,Forward
486,Jack,Rodwell,0,0,1,15,0,0.0,1.2,0.0,0,3,0.1,0,0,0,0.0,45,Midfielder
487,Jack,Robinson,0,0,14,504,11,30.4,106.8,2.0,2,87,14.0,1,0,0,0.9,40,Defender
488,Sander,Berge,1,1,40,943,11,66.0,152.4,82.0,3,147,30.3,4,0,0,0.2,47,Midfielder
489,Richairo,Zivkovic,0,0,5,107,4,28.6,9.4,22.0,0,15,6.1,0,0,0,0.0,47,Forward
490,Panagiotis,Retsos,0,0,0,0,0,0.0,0.0,0.0,0,0,0.0,0,0,0,0.0,45,Defender
491,Jannik,Vestergaard,1,0,51,1496,26,81.3,363.8,183.0,6,286,62.8,4,0,3,1.9,45,Defender
492,Ryan,Bertrand,1,1,75,2742,52,538.5,436.8,234.0,0,432,121.1,7,1,3,1.0,48,Defender
493,Yan,Valery,0,1,18,778,20,44.2,112.0,77.0,0,93,23.3,1,0,1,0.1,46,Defender
494,Jan,Bednarek,1,1,84,3057,57,45.5,729.8,95.0,5,539,87.5,7,0,4,1.3,44,Defender
495,Jack,Stephens,1,3,85,2451,39,101.5,566.2,97.0,8,432,76.6,7,1,4,2.2,44,Defender
496,Maya,Yoshida,0,0,10,558,18,3.7,96.8,77.0,1,85,17.7,1,0,1,0.2,41,Defender
497,Kayne,Ramsay,0,0,0,0,0,0.0,0.0,0.0,0,0,0.0,0,0,0,1.3,39,Defender
498,Charlie,Austin,0,0,0,0,0,0.0,0.0,0.0,0,0,0.0,0,0,0,0.0,60,Forward
499,Danny,Ings,22,2,198,2800,44,458.3,1010.0,1558.0,40,736,302.4,6,0,3,31.4,76,Forward
500,Michael,Obafemi,3,2,45,655,12,130.7,170.8,235.0,2,165,53.4,3,0,1,0.2,49,Forward
501,Shane,Long,2,3,62,1386,20,264.8,190.8,536.0,4,159,99.4,5,0,0,2.1,46,Forward
502,Sam,Gallagher,0,0,0,0,0,0.0,0.0,0.0,0,0,0.0,0,0,0,0.0,45,Forward
503,Fraser,Forster,0,0,0,0,0,0.0,0.0,0.0,0,0,0.0,0,0,0,0.3,42,Goalkeeper
504,Alex,McCarthy,0,0,104,2520,35,10.0,652.0,0.0,8,491,66.0,7,0,0,3.9,45,Goalkeeper
505,Angus,Gunn,0,0,29,900,25,0.0,219.4,0.0,3,166,22.1,2,0,0,1.3,42,Goalkeeper
506,Nathan,Redmond,4,4,107,2763,51,539.1,517.2,752.0,8,412,181.2,7,0,2,1.0,62,Midfielder
507,James,Ward-Prowse,5,4,117,3420,60,989.9,864.6,548.0,8,587,240.7,9,0,9,1.7,57,Midfielder
508,Mohamed,Elyounoussi,0,0,0,0,0,0.0,0.0,0.0,0,0,0.0,0,0,0,0.0,52,Midfielder
509,Stuart,Armstrong,5,4,98,1706,25,274.9,418.2,431.0,10,301,112.4,7,0,4,1.0,52,Midfielder
510,Mario,Lemina,0,0,0,0,0,0.0,0.0,0.0,0,0,0.0,0,0,0,0.0,46,Midfielder
511,Pierre-Emile,HÃ¸jbjerg,0,3,75,2750,51,469.0,493.0,368.0,1,412,133.1,7,0,5,0.3,48,Midfielder
512,Tyreke,Johnson,0,0,0,0,0,0.0,0.0,0.0,0,0,0.0,0,0,0,0.0,44,Midfielder
513,Callum,Slattery,0,0,0,0,0,0.0,0.0,0.0,0,0,0.0,0,0,0,0.2,44,Midfielder
514,Oriol,Romeu Vidal,0,0,51,1855,38,272.9,333.2,69.0,1,301,67.6,5,0,5,1.3,43,Midfielder
515,Kyle,Walker-Peters,0,1,32,944,12,108.6,168.2,48.0,2,194,32.2,2,0,1,0.7,44,Defender
516,Che,Adams,4,4,78,1095,17,184.9,226.2,524.0,8,242,92.3,4,0,0,0.4,53,Forward
517,Moussa,Djenepo,2,2,40,920,14,153.4,224.4,252.0,3,151,62.9,2,1,4,0.1,52,Midfielder
518,Wesley,Hoedt,0,0,0,0,0,0.0,0.0,0.0,0,0,0.0,0,0,0,0.0,42,Defender
519,Sofiane,Boufal,0,3,34,753,17,203.7,149.4,267.0,0,99,62.0,1,0,2,0.1,55,Midfielder
520,Kevin,Danso,0,1,9,275,8,26.0,58.4,6.0,0,46,8.9,1,1,0,0.0,42,Defender
521,Daniel,N'Lundulu,0,0,0,0,0,0.0,0.0,0.0,0,0,0.0,0,0,0,0.1,44,Forward
522,Harry,Lewis,0,0,0,0,0,0.0,0.0,0.0,0,0,0.0,0,0,0,0.1,40,Goalkeeper
523,William,Smallbone,0,2,24,389,4,53.2,70.2,43.0,1,84,16.5,3,0,0,0.0,45,Midfielder
524,Nathan,Tella,0,0,1,2,0,0.0,3.0,17.0,0,3,2.0,0,0,0,0.0,45,Midfielder
525,Jake,Vokins,0,0,2,90,1,16.7,8.4,3.0,0,10,2.8,0,0,0,0.0,40,Defender
526,Alexandre,Jankewitz,0,0,0,0,0,0.0,0.0,0.0,0,0,0.0,0,0,0,0.0,45,Midfielder
527,Will,Ferry,0,0,0,0,0,0.0,0.0,0.0,0,0,0.0,0,0,0,0.0,45,Midfielder
528,Jacob,Maddox,0,0,0,0,0,0.0,0.0,0.0,0,0,0.0,0,0,0,0.0,45,Midfielder
529,Ben,Davies,0,0,41,1430,19,172.4,279.8,94.0,2,223,54.4,4,0,6,0.3,53,Defender
530,Jan,Vertonghen,1,1,62,1644,24,56.1,398.4,63.0,5,346,51.9,4,0,2,1.5,52,Defender
531,Toby,Alderweireld,2,2,97,2957,39,196.0,773.6,182.0,6,576,115.2,7,0,7,5.0,53,Defender
532,Davinson,SÃ¡nchez,0,2,64,2431,37,31.0,550.0,82.0,4,443,66.5,4,0,6,1.0,53,Defender
533,Kieran,Trippier,0,0,0,0,0,0.0,0.0,0.0,0,0,0.0,0,0,0,0.1,55,Defender
534,Juan,Foyth,0,0,3,66,3,12.5,18.6,0.0,0,9,3.1,0,0,1,0.0,48,Defender
535,Serge,Aurier,1,7,124,2699,33,508.1,655.2,252.0,15,623,141.6,9,1,2,7.7,51,Defender
536,Harry,Kane,18,2,158,2588,36,391.0,843.8,1071.0,26,587,230.6,6,0,4,13.1,110,Forward
537,Vincent,Janssen,0,0,0,0,0,0.0,0.0,0.0,0,0,0.0,0,0,0,0.1,45,Forward
538,Hugo,Lloris,0,0,98,1808,21,0.0,564.6,0.0,13,422,56.5,6,0,0,4.1,53,Goalkeeper
539,Paulo,Gazzaniga,0,0,58,1612,26,10.0,449.8,0.0,6,300,46.1,2,0,1,1.5,41,Goalkeeper
540,Heung-Min,Son,11,13,169,2478,32,606.1,800.6,1144.0,18,544,254.6,7,2,0,8.5,97,Midfielder
541,Christian,Eriksen,2,2,48,1090,18,348.9,262.4,225.0,6,205,83.3,1,0,5,2.3,86,Midfielder
542,Bamidele,Alli,8,6,117,1845,25,328.6,531.2,627.0,12,349,148.9,4,0,2,2.7,83,Midfielder
543,Lucas,Rodrigues Moura da Silva,4,5,100,2235,29,477.1,494.6,751.0,3,330,172.1,6,0,3,4.1,70,Midfielder
544,Erik,Lamela,2,5,65,1203,12,284.2,226.2,337.0,2,220,84.5,5,0,3,1.1,57,Midfielder
545,Harry,Winks,0,0,52,2223,31,323.4,361.8,74.0,0,369,76.1,6,0,9,0.3,52,Midfielder
546,Victor,Wanyama,0,0,1,24,2,0.9,1.2,0.0,0,5,0.2,0,0,1,0.1,47,Midfielder
547,Moussa,Sissoko,2,1,69,2451,31,275.7,346.0,189.0,0,386,81.0,7,0,8,1.3,48,Midfielder
548,Eric,Dier,0,2,36,1340,23,100.2,297.2,56.0,0,172,45.6,3,0,5,0.2,48,Midfielder
549,Luke,Amos,0,0,0,0,0,0.0,0.0,0.0,0,0,0.0,0,0,0,0.0,44,Midfielder
550,Oliver,Skipp,0,0,7,74,1,1.6,15.2,0.0,0,23,1.8,0,0,0,0.6,42,Midfielder
551,Tanguy,Ndombele,2,2,45,1002,17,194.8,274.2,122.0,2,220,59.2,1,0,3,2.2,58,Midfielder
552,Troy,Parrott,0,0,2,6,0,0.1,0.2,0.0,0,6,0.0,0,0,0,0.7,43,Forward
553,Giovani,Lo Celso,0,3,54,1482,18,459.4,303.2,176.0,3,250,93.9,6,0,6,0.4,73,Midfielder
554,Ryan,Sessegnon,0,0,9,341,5,39.9,45.4,34.0,0,41,11.9,0,0,0,0.1,54,Midfielder
555,Georges-KÃ©vin,Nkoudou,0,0,1,2,0,0.0,0.0,18.0,0,3,1.8,0,0,0,0.0,50,Midfielder
556,Alfie,Whiteman,0,0,0,0,0,0.0,0.0,0.0,0,0,0.0,0,0,0,0.5,40,Goalkeeper
557,Michel,Vorm,0,0,0,0,0,0.0,0.0,0.0,0,0,0.0,0,0,0,0.0,42,Goalkeeper
558,Brandon,Austin,0,0,0,0,0,0.0,0.0,0.0,0,0,0.0,0,0,0,0.2,40,Goalkeeper
559,Japhet,Tanganga,0,0,17,525,7,17.2,134.4,20.0,0,100,17.1,2,0,1,1.3,39,Defender
560,Gedson,Carvalho Fernandes,0,0,7,62,1,34.3,17.2,20.0,0,20,7.2,0,0,0,0.0,46,Midfielder
561,Steven,Bergwijn,3,1,43,699,9,187.3,174.2,147.0,5,141,50.8,2,0,2,0.8,69,Midfielder
562,Harvey,White,0,0,0,0,0,0.0,0.0,0.0,0,0,0.0,0,0,0,0.0,45,Midfielder
563,Dennis,Cirkin,0,0,0,0,0,0.0,0.0,0.0,0,0,0.0,0,0,0,0.0,40,Defender
564,JosÃ©,Holebas,0,1,21,1022,28,208.4,171.4,62.0,0,153,44.1,2,0,5,0.7,46,Defender
565,Christian,Kabasele,0,2,73,2250,35,55.3,477.0,164.0,4,382,69.9,7,2,1,0.5,43,Defender
566,Adam,Masina,1,0,66,1815,31,201.3,351.2,109.0,4,281,66.4,6,0,3,0.3,43,Defender
567,Adrian,Mariappa,0,0,26,1509,33,75.2,216.6,32.0,1,185,31.7,3,1,4,0.2,41,Defender
568,Francisco,FemenÃ­a Far,0,1,54,2236,46,320.9,363.2,58.0,0,366,74.4,5,0,5,0.9,42,Defender
569,Craig,Cathcart,0,0,77,2488,37,34.8,458.0,57.0,3,441,55.1,9,0,7,2.8,41,Defender
570,Daryl,Janmaat,0,1,36,606,5,108.4,116.0,46.0,7,148,27.1,4,0,1,0.5,40,Defender
571,Marc,Navarro,0,0,0,0,0,0.0,0.0,0.0,0,0,0.0,0,0,0,0.3,39,Defender
572,Sebastian,PrÃ¶dl,0,0,1,56,0,0.1,1.8,8.0,0,3,1.0,0,0,0,1.0,39,Defender
573,Troy,Deeney,10,2,109,2224,39,378.5,536.0,801.0,15,403,171.4,6,0,3,1.7,62,Forward
574,Gerard,Deulofeu,4,5,88,2097,33,602.3,458.4,896.0,9,330,195.4,8,0,3,1.7,61,Forward
575,Andre,Gray,2,1,39,741,17,129.5,106.2,287.0,2,117,51.2,0,0,1,0.4,55,Forward
576,Isaac,Success Ajayi,0,0,4,65,3,13.6,6.2,17.0,0,8,3.7,0,0,1,0.3,47,Forward
577,Ben,Foster,0,0,137,3420,64,10.1,904.6,17.0,17,686,93.5,9,0,1,3.6,49,Goalkeeper
578,Pontus,Dahlberg,0,0,0,0,0,0.0,0.0,0.0,0,0,0.0,0,0,0,0.1,42,Goalkeeper
579,Abdoulaye,DoucourÃ©,4,4,113,3156,61,539.0,529.6,667.0,9,459,173.4,10,0,9,1.7,54,Midfielder
580,Roberto,Pereyra,3,0,60,1641,27,293.4,237.8,350.0,0,194,88.0,5,0,4,0.6,56,Midfielder
581,Will,Hughes,1,1,62,2249,46,413.1,352.2,270.0,3,265,103.6,5,0,9,0.3,53,Midfielder
582,Tom,Cleverley,1,0,33,964,26,219.2,174.8,221.0,2,153,61.6,1,0,2,0.1,48,Midfielder
583,Ken,Sema,0,0,0,0,0,0.0,0.0,0.0,0,0,0.0,0,0,0,0.0,47,Midfielder
584,Etienne,Capoue,0,4,78,2627,48,313.6,482.8,102.0,7,394,90.0,8,0,8,0.3,48,Midfielder
585,Nathaniel,Chalobah,0,1,36,919,14,130.3,162.2,55.0,2,142,34.5,2,0,1,0.2,44,Midfielder
586,Domingos,Quina,0,0,4,18,2,0.8,7.4,7.0,0,10,1.5,0,0,0,0.1,43,Midfielder
587,Craig,Dawson,2,0,61,2359,49,67.5,550.6,403.0,2,353,102.1,4,0,6,0.3,48,Defender
588,Danny,Welbeck,2,1,39,813,15,51.5,128.2,350.0,3,93,53.0,1,0,0,0.2,58,Forward
589,Heurelho da Silva,Gomes,0,0,0,0,0,0.0,0.0,0.0,0,0,0.0,0,0,0,0.2,43,Goalkeeper
590,IsmaÃ¯la,Sarr,5,7,107,2023,35,391.9,392.0,637.0,7,300,142.2,6,0,1,1.3,59,Midfielder
591,Dimitri,Foulquier,0,0,1,57,6,1.0,8.0,0.0,0,12,1.0,0,0,0,0.2,39,Defender
592,Ayotomiwa,Dele-Bashiru,0,0,0,0,0,0.0,0.0,0.0,0,0,0.0,0,0,0,0.0,44,Midfielder
593,JoÃ£o Pedro,Junqueira de Jesus,0,0,3,22,1,6.4,4.2,8.0,0,8,1.7,0,0,0,0.0,48,Forward
594,Ignacio,Pussetto,0,0,6,67,3,5.0,29.4,2.0,0,20,3.6,0,0,1,0.0,46,Midfielder
595,Adalberto,PeÃ±aranda,0,0,0,0,0,0.0,0.0,0.0,0,0,0.0,0,0,0,0.0,45,Forward
596,Aaron,Cresswell,3,0,79,2727,51,441.0,535.4,180.0,5,444,115.9,5,0,7,1.5,45,Defender
597,Angelo,Ogbonna,2,0,81,2786,44,37.8,579.0,168.0,0,453,78.4,7,0,4,0.9,45,Defender
598,Arthur,Masuaku,0,1,26,930,18,128.6,240.8,53.0,3,166,42.4,2,1,4,0.4,41,Defender
599,Pablo,Zabaleta,0,0,10,588,14,50.5,110.4,12.0,0,90,17.4,0,0,2,0.4,41,Defender
600,Ryan,Fredericks,0,3,74,2235,39,333.7,491.2,76.0,7,423,90.5,7,0,7,0.4,44,Defender
601,Issa,Diop,3,1,76,2765,54,64.3,610.0,210.0,3,424,88.7,4,0,8,2.5,43,Defender
602,FabiÃ¡n,Balbuena,1,0,40,1176,24,18.5,268.0,149.0,3,210,43.6,3,0,2,0.3,43,Defender
603,Winston,Reid,0,0,0,0,0,0.0,0.0,0.0,0,0,0.0,0,0,0,3.6,39,Defender
604,Ben,Johnson,0,0,6,270,3,25.2,48.0,1.0,0,32,7.4,0,0,0,2.2,40,Defender
605,Marko,Arnautovic,0,0,0,0,0,0.0,0.0,0.0,0,0,0.0,0,0,0,0.1,70,Forward
606,Javier,HernÃ¡ndez BalcÃ¡zar,1,0,9,106,4,2.2,35.6,39.0,2,27,7.7,0,0,0,0.3,60,Forward
607,Alexandre Nascimento,Costa Silva,0,0,0,0,0,0.0,0.0,0.0,0,0,0.0,0,0,0,0.9,43,Forward
608,Lukasz,Fabianski,0,0,83,2117,34,0.0,531.2,0.0,5,414,53.2,5,0,1,2.2,49,Goalkeeper
609,Michail,Antonio,10,4,111,1767,30,377.4,552.8,1094.0,8,284,201.7,3,0,3,5.4,71,Midfielder
610,Felipe Anderson,Pereira Gomes,1,4,66,1493,27,414.7,377.2,355.0,1,299,114.8,7,0,1,2.4,66,Midfielder
611,Manuel,Lanzini,0,3,50,1370,30,464.8,219.0,281.0,3,234,96.5,2,0,1,0.7,61,Midfielder
612,Andriy,Yarmolenko,5,1,70,981,17,265.7,284.4,329.0,10,231,87.9,3,0,2,0.7,52,Midfielder
613,Robert,Snodgrass,5,5,87,1504,33,552.1,422.2,320.0,8,312,129.7,3,0,4,0.6,50,Midfielder
614,Jack,Wilshere,0,0,8,209,5,7.0,6.4,4.0,0,14,1.5,0,0,0,0.2,46,Midfielder
615,Declan,Rice,1,5,105,3420,62,350.8,715.8,259.0,8,616,132.5,7,0,6,1.8,47,Midfielder
616,Mark,Noble,4,4,105,2675,44,602.2,542.2,164.0,8,504,131.1,7,0,5,1.0,49,Midfielder
617,Carlos,SÃ¡nchez,0,0,7,112,2,3.7,8.4,0.0,0,20,1.1,0,0,0,0.4,43,Midfielder
618,Grady,Diangana,0,0,0,0,0,0.0,0.0,0.0,0,0,0.0,0,0,0,0.1,43,Midfielder
619,Pablo,Fornals,2,6,93,2167,35,359.7,350.4,381.0,4,346,109.2,6,0,3,0.3,60,Midfielder
620,Pedro,Obiang,0,0,0,0,0,0.0,0.0,0.0,0,0,0.0,0,0,0,0.0,45,Midfielder
621,Roberto,Jimenez Gago,0,0,18,686,17,0.0,239.0,0.0,1,134,23.9,0,0,0,0.3,44,Goalkeeper
622,SÃ©bastien,Haller,7,3,102,2259,41,354.5,450.4,1012.0,11,327,180.9,5,0,1,2.1,68,Forward
623,Albian,Ajeti,0,0,9,132,3,22.9,5.2,47.0,0,16,7.3,0,0,0,0.0,56,Forward
624,David,Martin,0,0,20,435,6,0.0,112.0,0.0,2,86,11.2,2,0,1,3.3,39,Goalkeeper
625,Nathan,Holland,0,0,2,31,1,3.8,12.6,9.0,0,10,2.5,0,0,0,0.0,44,Midfielder
626,Joseph,Anang,0,0,0,0,0,0.0,0.0,0.0,0,0,0.0,0,0,0,0.1,40,Goalkeeper
627,Jeremy,Ngakia,0,0,8,440,8,10.7,78.0,9.0,0,48,9.8,0,0,0,0.1,40,Defender
628,GonÃ§alo Bento,Soares Cardoso,0,0,0,0,0,0.0,0.0,0.0,0,0,0.0,0,0,0,0.1,40,Defender
629,Bernardo,Costa Da Rosa,0,0,0,0,0,0.0,0.0,0.0,0,0,0.0,0,0,0,0.0,45,Midfielder
630,Darren,Randolph,0,0,3,180,5,0.0,49.6,0.0,0,27,4.9,0,0,0,0.2,39,Goalkeeper
631,Tomas,Soucek,3,0,41,1039,18,73.1,254.2,293.0,3,155,62.1,1,0,0,0.4,48,Midfielder
632,Jarrod,Bowen,1,4,44,916,13,235.0,221.4,342.0,3,173,79.8,1,0,0,0.2,64,Midfielder
633,Alfie,Lewis,0,0,0,0,0,0.0,0.0,0.0,0,0,0.0,0,0,0,0.0,45,Midfielder
634,Conor,Coventry,0,0,0,0,0,0.0,0.0,0.0,0,0,0.0,0,0,0,0.0,45,Midfielder
635,Matt,Doherty,4,8,167,2836,31,340.5,576.2,681.0,15,590,160.0,12,0,1,12.7,65,Defender
636,Jonathan,Castro Otto,2,3,123,2885,35,379.2,543.6,299.0,6,537,122.4,11,0,4,2.5,55,Defender
637,Conor,Coady,0,0,118,3420,40,68.8,556.4,0.0,7,648,62.4,13,0,5,2.5,51,Defender
638,Willy,Boly,0,1,97,1980,15,85.8,477.0,119.0,10,470,68.4,12,1,1,4.1,49,Defender
639,RÃºben GonÃ§alo,Silva Nascimento Vinagre,0,0,32,644,6,96.2,130.4,56.0,1,134,28.1,3,0,1,0.2,41,Defender
640,Romain,SaÃ¯ss,2,2,103,2703,34,160.7,621.2,298.0,8,525,108.1,10,1,10,5.5,47,Defender
641,Max,Kilman,0,0,5,184,2,1.2,35.2,0.0,0,24,3.7,0,0,0,3.3,39,Defender
642,RaÃºl,JimÃ©nez,17,7,194,3241,36,668.2,911.6,1680.0,33,685,325.4,15,0,3,29.5,80,Forward
643,Diogo,Jota,7,3,105,2278,28,453.3,457.8,1139.0,12,348,204.9,10,0,4,4.8,60,Forward
644,Rui Pedro,dos Santos PatrÃ­cio,0,0,153,3420,40,0.0,741.0,0.0,8,680,74.3,13,0,0,9.9,53,Goalkeeper
645,John,Ruddy,0,0,0,0,0,0.0,0.0,0.0,0,0,0.0,0,0,0,0.4,42,Goalkeeper
646,Will,Norris,0,0,0,0,0,0.0,0.0,0.0,0,0,0.0,0,0,0,0.7,39,Goalkeeper
647,RÃºben Diogo,da Silva Neves,2,2,97,3053,35,445.4,538.6,307.0,7,498,129.1,13,0,9,4.4,52,Midfielder
648,JoÃ£o Filipe Iria,Santos Moutinho,1,7,113,3105,36,1200.1,712.0,122.0,12,617,204.0,11,0,7,4.4,53,Midfielder
649,Morgan,Gibbs-White,0,1,11,125,2,44.1,6.6,12.0,0,39,6.3,0,0,0,0.1,47,Midfielder
650,Adama,TraorÃ©,4,9,130,2599,33,786.4,727.2,583.0,14,522,209.7,7,0,1,13.2,56,Midfielder
651,HÃ©lder,Costa,0,0,0,0,0,0.0,0.0,0.0,0,0,0.0,0,0,0,0.0,48,Midfielder
652,Ivan,Cavaleiro,0,0,0,0,0,0.0,0.0,0.0,0,0,0.0,0,0,0,0.0,49,Midfielder
653,Leander,Dendoncker,4,0,100,2790,34,160.6,529.2,282.0,9,426,96.8,11,0,5,8.5,44,Midfielder
654,JesÃºs,Vallejo LÃ¡zaro,0,0,1,162,6,7.0,35.6,0.0,0,22,4.3,0,0,1,0.2,46,Defender
655,Patrick,Cutrone,2,0,23,292,6,35.6,85.2,155.0,0,69,27.5,1,0,0,0.4,54,Forward
656,Pedro,Lomba Neto,3,3,57,920,12,232.0,227.8,260.0,0,194,71.8,1,0,3,0.2,49,Midfielder
657,Bernard,Ashley-Seal,0,0,0,0,0,0.0,0.0,0.0,0,0,0.0,0,0,0,0.1,45,Forward
658,Taylor,Perry,0,0,0,0,0,0.0,0.0,0.0,0,0,0.0,0,0,0,0.0,45,Midfielder
659,Owen,Otasowie,0,0,0,0,0,0.0,0.0,0.0,0,0,0.0,0,0,0,0.0,45,Midfielder
660,Luke,Cundle,0,0,0,0,0,0.0,0.0,0.0,0,0,0.0,0,0,0,0.0,45,Midfielder
661,Oskar,Buur,0,0,0,0,0,0.0,0.0,0.0,0,0,0.0,0,0,0,0.1,40,Defender
662,Ryan,Giles,0,0,0,0,0,0.0,0.0,0.0,0,0,0.0,0,0,0,0.2,39,Defender
663,Bruno AndrÃ©,Cavaco Jordao,0,0,1,6,0,10.4,2.6,0.0,0,4,1.3,0,0,0,0.0,45,Midfielder
664,Daniel,Castelo Podence,1,1,25,285,0,73.3,62.4,148.0,2,74,28.4,3,0,0,0.1,49,Midfielder
665,Leonardo,Campana,0,0,0,0,0,0.0,0.0,0.0,0,0,0.0,0,0,0,0.0,45,Forward
